{
  "content_file": "https://demo.themeisle.com/hestia-vet-center/wp-content/uploads/sites/156/ti-demo-data/export.xml",
  "theme_mods": {
    "show_on_front": "page",
    "custom_css_post_id": -1,
    "hestia_page_editor": "<p>Hi, meet your friend</p>\t\t\n\t\t\t<h2>Medical center for pets</h2>\t\t\n\t\t<p>The quick, brown fox jumps over a lazy dog. DJs flock by when MTV ax quiz prog. </p>\t\t\n\t\thttps://www.youtube.com/watch?v=ok7UVREw5JI\t\t\n\t\t\t<p>we are using modern equipment</p>\t\t\n\t\t\t\t\t\t\t\t\t\t<img width=\"148\" height=\"24\" src=\"https://demo.themeisle.com/hestia-vet-center/wp-content/uploads/sites/156/2018/07/stars-1.png\" alt=\"\" />\t\t\t\t\t\t\t\t\t\t\t\n\t\t\t<h3>Our equipment is amazing, and for a good reason.</h3>\t\t\n\t\t<p>Have a lot of grump in yourself because you can't forget to be grumpy and not be like king grumpy cat eat all the power cordsso mrow cat trophy for cat trophy sit in box hiss and stare at nothing then run suddenly away.</p>\t\t\n\t\t\t<p>Our employees love pets</p>\t\t\n\t\t\t<h3>We treat them with love</h3>\t\t\n\t\t<p>Run in circles eat an easter feather as if it were a bird then jump victoriously, but tender yet chase mice</p>\t\t\n\t\t\t<h3>Diagnostic</h3><p> Junk MTV quiz graced by fox whelps. Bawds jog, flick quartz, vex nymphs.Tu quidem reddes; </p>\t\t\n\t\t\t<h3>Surgery</h3><p>Waltz, bad nymph, for quick jigs vex! Fox nymphs grab quick-jived waltz. Comprehensum, quod.</p>\t\t\n\t\t\t<h3>Recovery</h3><p>Brick quiz whangs jumpy veldt fox. Bright vixens jump; dozy fowl quack. Cognitum non habet.</p>\t\t\n\t\t\t<a href=\"#\" role=\"button\">\n\t\t\t\t\t\tour services\n\t\t\t\t\t</a>\n\t\t\t<p>our clients are happy</p>\t\t\n\t\t\t<h3>Customer Reviews</h3>\t\t\n\t\t<p>Quick wafting zephyrs vex bold Jim. Quick zephyrs blow, vexing daft Jim. Bap-charged fop blew my junk TV quiz. How quickly daft jumping zebras vex. Illa tamen simplicia.</p>\t\t\n\t\t\t\t\t\t\t\"...Gumbo beet greens corn soko endive gumbo gourd. Dandelion cucumber earthnut pea peanut soko zucchini.....\"\n\t\t\t\t\t\t\t<img width=\"150\" height=\"150\" src=\"https://demo.themeisle.com/hestia-vet-center/wp-content/uploads/sites/156/2018/07/adult-attractive-beautiful-415829-150x150.jpg\" alt=\"\" />\t\t\t\t\t\t\n\t\t\t\t\t\t\t\t\t\t\t\t\tMelisa Dawshon\n\t\t\t\t\t\t\t\t\t\t\t\t\t\t\t\t\t\t\tContent Writer\n\t\t\t\t\t\t\t\"...Parsley shallot courgette tatsoi pea sprouts fava bean collard greens dandelion okra wakame tomato....\"\n\t\t\t\t\t\t\t<img width=\"150\" height=\"150\" src=\"https://demo.themeisle.com/hestia-vet-center/wp-content/uploads/sites/156/2019/04/placeholder-image.jpg\" alt=\"\" />\t\t\t\t\t\t\n\t\t\t\t\t\t\t\t\t\t\t\t\tJohn Spencer\n\t\t\t\t\t\t\t\t\t\t\t\t\t\t\t\t\t\t\tJurnalist\n\t\t\t<p>we are open 24/7</p>\t\t\n\t\t\t<h3>Call us anytime</h3>\t\t\n\t\t<p>We can help you with emergency even during the night or weekends.</p>\t\t\n\t\t\t<a href=\"#\" role=\"button\">\n\t\t\t\t\t\tsee schedule\n\t\t\t\t\t</a>\n\t\t\t<p>extra services</p>\t\t\n\t\t\t<h3>Need a vacation? <br>Bring your friend here</h3>\t\t\n\t\t<p>Two driven jocks help fax my big quiz. Quick, Baz, get my woven flax jodhpurs! \"Now fax quiz Jack!\" my brave ghost pled. Five quacking zephyrs jolt my wax bed.</p>\t\t\n\t\t\t<h4>Pet Hotel</h4>\t\t\n\t\t<p>Flummoxed by job, kvetching W. zaps Iraq. Cozy sphinx waves quart jug of bad milk. A very bad quack might jinx zippy fowls. Few quips galvanized the mock jury box. Quick brown dogs jump over the lazy fox.</p>\t\t\n\t\t\t<h4>Wellness counceling</h4>\t\t\n\t\t<p>The jay, pig, fox, zebra, and my wolves quack! Blowzy red vixens fight for a quick jump. Joaquin Phoenix was gazed by MTV for luck. A wizard’s job is to vex chumps quickly in fog. Watch \"Jeopardy!\", Alex Trebek's fun TV quiz game.</p>\t\t\n\t\t\t<a href=\"#\" role=\"button\">\n\t\t\t\t\t\ta nice action\n\t\t\t\t\t</a>\n\t\t\t<p>A section to highlight more features</p>\t\t\n\t\t\t<h3>Why our clinic</h3>\t\t\n\t\t\t\t\t<ul>\n\t\t\t\t\t\t\t<li>\n\t\t\t\t\t\t\t\t\t\tPremium equipment\n\t\t\t\t\t\t\t\t\t</li>\n\t\t\t\t\t\t\t\t<li>\n\t\t\t\t\t\t\t\t\t\tSkilled doctors\n\t\t\t\t\t\t\t\t\t</li>\n\t\t\t\t\t\t\t\t<li>\n\t\t\t\t\t\t\t\t\t\tRecovery\n\t\t\t\t\t\t\t\t\t</li>\n\t\t\t\t\t\t\t\t<li>\n\t\t\t\t\t\t\t\t\t\tPet Hotel\n\t\t\t\t\t\t\t\t\t</li>\n\t\t\t\t\t\t</ul>\n\t\t\t<p>Hey you</p>\t\t\n\t\t\t<h3>About us</h3>\t\t\n\t\t\t\t65\n\t\t\t\t%\n\t\t\t\t\t\t\tpositive reviews\n\t\t\t<p>our services</p>\t\t\n\t\t\t<h3>Get notified when we have new type of services and equipment.</h3>\t\t\n\t\t<p>Find us on social networks.</p>\t\t\n\t\t\t\t\t\t\t<a href=\"\" target=\"_blank\">\n\t\t\t\t\tFacebook\n\t\t\t\t</a>\n\t\t\t\t\t\t\t<a href=\"\" target=\"_blank\">\n\t\t\t\t\tTwitter\n\t\t\t\t</a>\n\t\t\t\t\t\t\t<a href=\"\" target=\"_blank\">\n\t\t\t\t\tGoogle-plus\n\t\t\t\t</a>\n\t\t\t<p>our newsletter</p>\t\t\n\t\t\t<h3>Sign up for updates</h3>\t\t\n\t\t\t<form action=\"https://demo.themeisle.com/hestia-vet-center/wp-admin/admin-post.php\" method=\"post\" name=\"content-form-457ce88\" id=\"content-form-457ce88\">\n        <fieldset>\n            <label for=\"data[457ce88][name]\">\n\t\t\t\t            </label>\n\t\t\t                    \n\t\t\t\t\t        </fieldset>\n        <fieldset>\n            <label for=\"data[457ce88][email]\">\n\t\t\t\t            </label>\n\t\t\t                    \n\t\t\t\t\t        </fieldset>\n        <fieldset>\n            <label for=\"data[457ce88][phone]\">\n\t\t\t\t            </label>\n\t\t\t                    \n\t\t\t\t\t        </fieldset>\n        <fieldset>\n            <label for=\"data[457ce88][message]\">\n\t\t\t\t            </label>\n\t\t\t                    <textarea name=\"data[457ce88][message]\" id=\"data[457ce88][message]\" cols=\"30\" rows=\"5\"></textarea>\n\t\t\t\t\t        </fieldset>\n\t\t        <fieldset>\n            <button type=\"submit\" name=\"submit\" value=\"submit-contact-457ce88\">\n\t            Send message                            </button>\n        </fieldset>\n\t\t</form>",
    "hestia_feature_thumbnail": "https://mllj2j8xvfl0.i.optimole.com/w:auto/h:auto/q:90/https://demo.themeisle.com/wp-content/themes/hestia/assets/img/contact.jpg",
    "advanced_css_global_css": "",
    "accent_color": "#67b3a3",
    "hestia_top_bar_hide": true,
    "hestia_header_gradient_color": "#7c5e92",
    "hestia_blog_sidebar_layout": "full-width",
    "hestia_contact_form_shortcode": "",
    "hestia_feature_thumbnail_buffer": "https://mllj2j8xvfl0.i.optimole.com/w:auto/h:auto/q:90/https://demo.themeisle.com/wp-content/themes/hestia/assets/img/contact.jpg",
    "zerif_frontpage_was_imported": "not-zerif",
    "ti_prev_theme": "hestia-pro",
    "ti_about_recommended_plugins": {
      "themeisle-companion": "visible"
    },
    "__ti_import_menus_location": {
      "footer": "primary-menu",
      "primary": "primary-menu"
    }
  },
  "wp_options": {
    "obfx_data": {
      "core_settings": [],
      "module_status": {
        "social-sharing": {
          "showed_notices": []
        },
        "gutenberg-blocks": {
          "showed_notices": [],
          "active": false
        },
        "uptime-monitor": {
          "showed_notices": []
        },
        "google-analytics": {
          "showed_notices": []
        },
        "companion-legacy": {
          "showed_notices": [],
          "active": false
        },
        "elementor-widgets": {
          "showed_notices": [],
          "active": true
        },
        "template-directory": {
          "showed_notices": [],
          "active": false
        },
        "menu-icons": {
          "showed_notices": [],
          "active": false
        },
        "mystock-import": {
          "showed_notices": [],
          "active": false
        },
        "policy-notice": {
          "showed_notices": []
        },
        "safe-updates": {
          "showed_notices": []
        }
      },
      "module_settings": {
        "safe-updates": {
          "auto_update_checks": "0"
        }
      }
    },
    "elementor_disable_color_schemes": "yes",
    "elementor_disable_typography_schemes": "yes",
    "elementor_load_fa4_shim": "yes"
  },
  "widgets": {
    "sidebar-1": {
      "text-2": {
        "title": "",
        "text": "<i class=\"fa fa-clock-o\" style=\"margin-right: 3px\"></i>Open 24/7",
        "filter": true,
        "visual": true
      }
    }
  },
  "recommended_plugins": [],
  "mandatory_plugins": {
    "themeisle-companion": "Orbit Fox by ThemeIsle",
    "elementor": "Elementor Page Builder"
  },
  "default_off_recommended_plugins": [],
  "front_page": {
    "front_page": "vet-medical-demo-front",
    "blog_page": "vet-medical-demo-blog"
  },
  "shop_pages": null
}
