{
  "content_file": "https://demo.themeisle.com/hestia-zelle/wp-content/uploads/sites/191/ti-demo-data/export.xml",
  "theme_mods": {
    "hestia_contact_form_shortcode": "[pirate_forms]",
    "show_on_front": "page",
    "zerif_frontpage_was_imported": "not-zerif",
    "ti_prev_theme": "twentyseventeen",
    "hestia_feature_thumbnail": "https://mllj2j8xvfl0.i.optimole.com/w:auto/h:auto/q:90/https://demo.themeisle.com/wp-content/themes/hestia/assets/img/contact.jpg",
    "custom_css_post_id": -1,
    "hestia_feature_thumbnail_buffer": "https://mllj2j8xvfl0.i.optimole.com/w:auto/h:auto/q:90/https://demo.themeisle.com/wp-content/themes/hestia/assets/img/contact.jpg",
    "hestia_blog_sidebar_layout": "full-width",
    "accent_color": "#e96656",
    "hestia_header_layout": "classic-blog",
    "hestia_header_titles_fs": "{\"desktop\":-5,\"tablet\":0,\"mobile\":0}",
    "ti_about_recommended_plugins": {
      "themeisle-companion": "visible"
    },
    "__ti_import_menus_location": {
      "primary": "menu"
    }
  },
  "wp_options": {
    "obfx_data": {
      "core_settings": [],
      "module_status": {
        "social-sharing": {
          "showed_notices": []
        },
        "gutenberg-blocks": {
          "showed_notices": [],
          "active": false
        },
        "uptime-monitor": {
          "showed_notices": []
        },
        "google-analytics": {
          "showed_notices": []
        },
        "companion-legacy": {
          "showed_notices": [],
          "active": false
        },
        "elementor-widgets": {
          "showed_notices": []
        },
        "template-directory": {
          "showed_notices": [],
          "active": false
        },
        "menu-icons": {
          "showed_notices": [],
          "active": false
        },
        "mystock-import": {
          "showed_notices": [],
          "active": false
        },
        "policy-notice": {
          "showed_notices": []
        },
        "safe-updates": {
          "showed_notices": []
        }
      },
      "module_settings": {
        "safe-updates": {
          "auto_update_checks": "0"
        }
      }
    },
    "elementor_load_fa4_shim": "yes"
  },
  "widgets": {
    "sidebar-1": {
      "search-2": {
        "title": ""
      },
      "recent-posts-2": {
        "title": "",
        "number": 5
      },
      "meta-2": {
        "title": ""
      }
    }
  },
  "recommended_plugins": [],
  "mandatory_plugins": {
    "themeisle-companion": "Orbit Fox by ThemeIsle",
    "elementor": "Elementor Page Builder"
  },
  "default_off_recommended_plugins": [],
  "front_page": {
    "front_page": "home-hestia-zelle",
    "blog_page": "blog-hestia-zelle"
  },
  "shop_pages": null
}
