{"../hestia/archive.php":"a0a1bcd9167961c77acc80ae68ee04a1","../hestia/attachment.php":"10797dd3af0099c25a4abcce96be2cc7","../hestia/comments.php":"e216e2223e7a1605e63081440f233cde","../hestia/footer.php":"e9fb477c62d82f8057e2824f48d8f906","../hestia/front-page.php":"91f00acb8c621da7091644b398689576","../hestia/functions.php":"a121d921d2373faef8add329b1283667","../hestia/header.php":"7cd258f93a62c9c771e3ea2dcbcd17d7","../hestia/index.php":"a256d18ab8d964a4d5e86dd1aff97dc6","../hestia/page.php":"8ee09cdc8f9a0c458aa49703701ae63f","../hestia/search.php":"929be5fa72b50ee6875f1fb55850a2c4","../hestia/sidebar-woocommerce.php":"39dea8c8ef59dfb4b97e3a8eecbba4dc","../hestia/sidebar.php":"825c538768ee182d8bd814800285f435","../hestia/single-jetpack-portfolio.php":"9e8209bbee037ff1d9501d768bee312c","../hestia/single.php":"3e0c06ad263fd49c4b4424081adcebe3","../hestia/editor-style.css":"31bb7736088df73dc25125862fcad963","../hestia/editor-style.min.css":"158d375ad4040a78e9fe395acc8a9163","../hestia/style-rtl.css":"83c12064e6a7e6ca55700ba0681cc9f2","../hestia/style-rtl.min.css":"5500f7a68e2510a6445e18440d68c31f","../hestia/style.css":"c5ce6b0e5b493fae9b3c378a42beb4ce","../hestia/style.min.css":"396f274686e82f669f377f62b3556f73"}